{
	"format_version": "1.12",
	"minecraft:recipe_shaped": {
		"description": {
			"identifier": "hax:diamond_kunai"
		},

    
		"tags": [ "diamond_blueprint" ],
		"pattern": [
			" SI",
			" /S",
			"B  "
		],

		"key": {
			"I": {
				"item": "minecraft:diamond"
			},
			"S": {
				"item": "hax:diamond_shortblade"
			},
			"/": {
				"item": "minecraft:stick"
			},
			"B": {
				"item": "hax:diamond_bar"
			}
		},


		"result": [
			{ "item": "hax:diamond_kunai" }
		]
	}
}
