{
	"format_version": "1.12",
	"minecraft:recipe_shaped": {
		"description": {
			"identifier": "hax:electrum_kunai"
		},

    
		"tags": [ "electrum_blueprint" ],
		"pattern": [
			" SI",
			" /S",
			"B  "
		],

		"key": {
			"I": {
				"item": "hax:electrum_ingot"
			},
			"S": {
				"item": "hax:electrum_shortblade"
			},
			"/": {
				"item": "minecraft:stick"
			},
			"B": {
				"item": "hax:electrum_bar"
			}
		},


		"result": [
			{ "item": "hax:electrum_kunai" }
		]
	}
}
