{
	"format_version": "1.12",
	"minecraft:recipe_shaped": {
		"description": {
			"identifier": "hax:wood_kunai_from_warped_planks"
		},

    
		"tags": [ "crafting_table" ],
		"pattern": [
			" SI",
			" /S",
			"B  "
		],

		"key": {
			"I": {
				"item": "minecraft:warped_planks"
			},
			"S": {
				"item": "hax:wood_shortblade"
			},
			"/": {
				"item": "minecraft:stick"
			},
			"B": {
				"item": "hax:wood_bar"
			}
		},


		"result": [
			{ "item": "hax:wood_kunai" }
		],
    "priority": 2
	}
}
