{
	"format_version": "1.20.40",
	"minecraft:recipe_shaped": {
		"description": {
			"identifier": "hax:copper_longsword"
		},

    
		"tags": [ "copper_blueprint" ],
		"pattern": [
			"  L",
			"NI ",
			"/N "
		],

		"key": {
			"L": {
				"item": "hax:copper_longblade"
			},
			"I": {
				"item": "minecraft:copper_ingot"
			},
			"N": {
				"item": "hax:copper_nugget"
			},
			"/": {
				"item": "minecraft:stick"
			}
		},


		"unlock": [
			{
				"item": "hax:copper_blueprint"
			}
		],
		"result": { "item": "hax:copper_longsword" }
	}
}
