{
	"format_version": "1.20.40",
	"minecraft:recipe_shaped": {
		"description": {
			"identifier": "hax:electrum_longsword"
		},

    
		"tags": [ "electrum_blueprint" ],
		"pattern": [
			"  L",
			"NI ",
			"/N "
		],

		"key": {
			"L": {
				"item": "hax:electrum_longblade"
			},
			"I": {
				"item": "hax:electrum_ingot"
			},
			"N": {
				"item": "hax:electrum_nugget"
			},
			"/": {
				"item": "minecraft:stick"
			}
		},


		"unlock": [
			{
				"item": "hax:electrum_blueprint"
			}
		],
		"result": { "item": "hax:electrum_longsword" }
	}
}
