{
	"format_version": "1.20.40",
	"minecraft:recipe_shaped": {
		"description": {
			"identifier": "hax:enderium_longsword"
		},

    
		"tags": [ "enderium_blueprint" ],
		"pattern": [
			"  L",
			"NI ",
			"/N "
		],

		"key": {
			"L": {
				"item": "hax:enderium_longblade"
			},
			"I": {
				"item": "hax:enderium_ingot"
			},
			"N": {
				"item": "hax:enderium_nugget"
			},
			"/": {
				"item": "minecraft:stick"
			}
		},


		"unlock": [
			{
				"item": "hax:enderium_blueprint"
			}
		],
		"result": { "item": "hax:enderium_longsword" }
	}
}
