{
	"format_version": "1.20.40",
	"minecraft:recipe_shaped": {
		"description": {
			"identifier": "hax:gold_longsword"
		},

    
		"tags": [ "gold_blueprint" ],
		"pattern": [
			"  L",
			"NI ",
			"/N "
		],

		"key": {
			"L": {
				"item": "hax:gold_longblade"
			},
			"I": {
				"item": "minecraft:gold_ingot"
			},
			"N": {
				"item": "minecraft:gold_nugget"
			},
			"/": {
				"item": "minecraft:stick"
			}
		},


		"unlock": [
			{
				"item": "hax:gold_blueprint"
			}
		],
		"result": { "item": "hax:gold_longsword" }
	}
}
