{
	"format_version": "1.20.40",
	"minecraft:recipe_shaped": {
		"description": {
			"identifier": "hax:stone_longsword_from_cobbled_deepslate"
		},

    
		"tags": [ "crafting_table" ],
		"pattern": [
			"  L",
			"NI ",
			"/N "
		],

		"key": {
			"L": {
				"item": "hax:stone_longblade"
			},
			"I": {
				"item": "minecraft:cobbled_deepslate"
			},
			"N": {
				"item": "hax:stone_pebble"
			},
			"/": {
				"item": "minecraft:stick"
			}
		},


		"unlock": [
			{
				"item": "hax:stone_pebble"
			}
		],
		"result": { "item": "hax:stone_longsword" },
    "priority": 2
	}
}
