{
	"format_version": "1.20.40",
	"minecraft:recipe_shaped": {
		"description": {
			"identifier": "hax:wood_longsword_from_cherry_planks"
		},

    
		"tags": [ "crafting_table" ],
		"pattern": [
			"  L",
			"NI ",
			"/N "
		],

		"key": {
			"L": {
				"item": "hax:wood_longblade"
			},
			"I": {
				"item": "minecraft:cherry_planks"
			},
			"N": {
				"item": "hax:wooden_shavings"
			},
			"/": {
				"item": "minecraft:stick"
			}
		},


		"unlock": [
			{
				"item": "hax:wooden_shavings"
			}
		],
		"result": { "item": "hax:wood_longsword" },
    "priority": 2
	}
}
