{
	"format_version": "1.20.50",
	"minecraft:item": {
		"description": {
			"menu_category": {
				"category": "equipment",
				"group": "itemGroup.name.sword"
			},
			"identifier": "hax:electrum_morningstar"
		},
		"components": {
			"minecraft:display_name": {
				"value": "Electrum Morningstar"
			},
			"minecraft:icon": {
				"texture": "hax:electrum_morningstar"
			},
			"minecraft:max_stack_size": 1,
			"minecraft:hand_equipped": true,
			"minecraft:damage": 8,
			"minecraft:enchantable": {
				"value": 22,
				"slot": "sword"
			},
			"minecraft:durability": {
				"max_durability": 153
			},
			"minecraft:repairable":{
				"repair_items": [
					{
						"items": [
							"hax:electrum_morningstar"
						],
						"repair_amount": "context.other->query.remaining_durability + 0.05 * context.other->query.max_durability"
					},
					{
						"items": [
							"hax:electrum_ingot"
						],
						"repair_amount": 38
					}
				]
			},
			"minecraft:can_destroy_in_creative": false
		}
	}
}