{
	"format_version": "1.20.50",
	"minecraft:item": {
		"description": {
			"menu_category": {
				"category": "equipment",
				"group": "itemGroup.name.sword"
			},
			"identifier": "hax:obsidian_morningstar"
		},
		"components": {
			"minecraft:display_name": {
				"value": "Obsidian Morningstar\n§7Necrotic I"
			},
			"minecraft:icon": {
				"texture": "hax:obsidian_morningstar"
			},
			"minecraft:max_stack_size": 1,
			"minecraft:hand_equipped": true,
			"minecraft:damage": 9,
			"minecraft:enchantable": {
				"value": 7,
				"slot": "sword"
			},
			"minecraft:durability": {
				"max_durability": 124
			},
			"minecraft:repairable":{
				"repair_items": [
					{
						"items": [
							"hax:obsidian_morningstar"
						],
						"repair_amount": "context.other->query.remaining_durability + 0.05 * context.other->query.max_durability"
					},
					{
						"items": [
							"minecraft:obsidian"
						],
						"repair_amount": 31
					}
				]
			},
			"minecraft:can_destroy_in_creative": false
		}
	}
}