{
	"format_version": "1.20.50",
	"minecraft:item": {
		"description": {
			"menu_category": {
				"category": "equipment",
				"group": "itemGroup.name.sword"
			},
			"identifier": "hax:diamond_mace"
		},
		"components": {
			"minecraft:display_name": {
				"value": "Diamond Mace"
			},
			"minecraft:icon": {
				"texture": "hax:diamond_mace"
			},
			"minecraft:max_stack_size": 1,
			"minecraft:hand_equipped": true,
			"minecraft:tags": {
				"tags": [
					"minecraft:transformable_items"
				]
			},
			"minecraft:damage": 8,
			"minecraft:enchantable": {
				"value": 10,
				"slot": "sword"
			},
			"minecraft:durability": {
				"max_durability": 1404
			},
			"minecraft:repairable":{
				"repair_items": [
					{
						"items": [
							"hax:diamond_mace"
						],
						"repair_amount": "context.other->query.remaining_durability + 0.05 * context.other->query.max_durability"
					},
					{
						"items": [
							"minecraft:diamond"
						],
						"repair_amount": 351
					}
				]
			},
			"minecraft:can_destroy_in_creative": false
		}
	}
}