{
	"format_version": "1.20.50",
	"minecraft:item": {
		"description": {
			"menu_category": {
				"category": "equipment",
				"group": "itemGroup.name.sword"
			},
			"identifier": "hax:dragonscale_mace"
		},
		"components": {
			"minecraft:display_name": {
				"value": "Dragonscale Mace\n§7Abyssal"
			},
			"minecraft:icon": {
				"texture": "hax:dragonscale_mace"
			},
			"minecraft:max_stack_size": 1,
			"minecraft:hand_equipped": true,
			"minecraft:damage": 7,
			"minecraft:enchantable": {
				"value": 24,
				"slot": "sword"
			},
			"minecraft:durability": {
				"max_durability": 1616
			},
			"minecraft:repairable":{
				"repair_items": [
					{
						"items": [
							"hax:dragonscale_mace"
						],
						"repair_amount": "context.other->query.remaining_durability + 0.05 * context.other->query.max_durability"
					},
					{
						"items": [
							"hax:scale_cluster"
						],
						"repair_amount": 404
					}
				]
			},
			"minecraft:can_destroy_in_creative": false
		}
	}
}