{
	"format_version": "1.20.50",
	"minecraft:item": {
		"description": {
			"menu_category": {
				"category": "equipment",
				"group": "itemGroup.name.sword"
			},
			"identifier": "hax:stone_longsword"
		},
		"components": {
			"minecraft:display_name": {
				"value": "Stone Longsword"
			},
			"minecraft:icon": {
				"texture": "hax:stone_longsword"
			},
			"minecraft:max_stack_size": 1,
			"minecraft:hand_equipped": true,
			"minecraft:damage": 6,
			"minecraft:enchantable": {
				"value": 5,
				"slot": "sword"
			},
			"minecraft:durability": {
				"max_durability": 131
			},
			"minecraft:repairable":{
				"repair_items": [
					{
						"items": [
							"hax:stone_longsword"
						],
						"repair_amount": "context.other->query.remaining_durability + 0.05 * context.other->query.max_durability"
					},
					{
						"items": [
							"minecraft:cobblestone",
							"minecraft:cobbled_deepslate"
						],
						"repair_amount": 33
					}
				]
			},
			"minecraft:can_destroy_in_creative": false
		}
	}
}