{
	"format_version": "1.12",
	"minecraft:recipe_shaped": {
		"description": {
			"identifier": "hax:dragonscale_morningstar"
		},

    
		"tags": [ "dragonscale_blueprint" ],
		"pattern": [
			" SP",
			" PS",
			"/  "
		],

		"key": {
			"S": {
				"item": "hax:dragonscale_shortblade"
			},
			"P": {
				"item": "hax:dragonscale_plating"
			},
			"/": {
				"item": "minecraft:stick"
			}
		},


		"result": [
			{ "item": "hax:dragonscale_morningstar" }
		]
	}
}
