{
	"format_version": "1.12",
	"minecraft:recipe_shaped": {
		"description": {
			"identifier": "hax:stone_mace_from_cobbled_deepslate"
		},

    
		"tags": [ "stone_blueprint" ],
		"pattern": [
			" NI",
			" IN",
			"/  "
		],

		"key": {
			"I": {
				"item": "minecraft:cobbled_deepslate"
			},
			"N": {
				"item": "hax:stone_pebble"
			},
			"/": {
				"item": "minecraft:stick"
			}
		},


		"result": [
			{ "item": "hax:stone_mace" }
		],
    "priority": 2
	}
}
