{
	"format_version": "1.12",
	"minecraft:recipe_shaped": {
		"description": {
			"identifier": "hax:wood_mace_from_crimson_planks"
		},

    
		"tags": [ "basic_blueprint" ],
		"pattern": [
			" NI",
			" IN",
			"/  "
		],

		"key": {
			"I": {
				"item": "minecraft:crimson_planks"
			},
			"N": {
				"item": "hax:wooden_shavings"
			},
			"/": {
				"item": "minecraft:stick"
			}
		},


		"result": [
			{ "item": "hax:wood_mace" }
		],
    "priority": 2
	}
}
