{
	"format_version": "1.19.50",
	"minecraft:item": {
		"description": {
			"category": "equipment",
			"identifier": "hax:stone_kunai"
		},
		"components": {
			"minecraft:display_name": {
				"value": "Stone Kunai"
			},
			"minecraft:creative_category": {
				"parent": "itemGroup.name.arrow"
			},
			"minecraft:icon": {
				"texture": "hax:stone_kunai"
			},
			"minecraft:max_stack_size": 1,
			"minecraft:hand_equipped": true,
			"minecraft:damage": 4,
			"minecraft:enchantable": {
				"value": 10,
				"slot": "flintsteel"
			},
			"minecraft:durability": {
				"max_durability": 117
			},
			"minecraft:repairable":{
				"repair_items": [
					{
						"items": [
							"hax:stone_kunai"
						],
						"repair_amount": "context.other->query.remaining_durability + 0.05 * context.other->query.max_durability"
					},
					{
						"items": [
							"minecraft:cobblestone"
						],
						"repair_amount": "context.other->query.max_durability * 0.25"
					}
				]
			},
			"minecraft:cooldown": {
				"category": "kunai",
				"duration": 2.0
			},
			"minecraft:food": {
				"on_consume": {
					"event": "hax:on_throw"
				},
				"nutrition": 0,
				"can_always_eat": true
			},
			"minecraft:use_duration": 999999,
			"minecraft:on_use": {
				"on_use": {
					"event": "hax:on_throw"
				}
			},
			"minecraft:can_destroy_in_creative": false,
			"minecraft:weapon": {
				"on_hurt_entity" : {
					"event": "hax:on_use"
				}
			}
		},
		"events": {
			"hax:on_throw": {
				"sequence": [
					{
						"shoot": {
							"projectile": "hax:stone_kunai",
							"launch_power": 2
						}
					},
					{
						"damage": {
							"type": "durability",
							"target": "self",
							"amount": 1
						}
					},
					{
						"run_command": {
							"command": ["execute run playsound component.jump_to_block"],
							"target": "holder"
						}
					}
				]
 			},
			"hax:on_use": {
				"damage": {
					"type": "fire_tick",
					"target": "self",
					"amount": 2
				}
			}
		}
	}
}