{
	"format_version": "1.20.40",
	"minecraft:recipe_shaped": {
		"description": {
			"identifier": "hax:bronze_greatsword"
		},

    
		"tags": [ "bronze_blueprint" ],
		"pattern": [
			" SL",
			"BPS",
			"/B "
		],

		"key": {
			"L": {
				"item": "hax:bronze_longblade"
			},
			"S": {
				"item": "hax:bronze_shortblade"
			},
			"B": {
				"item": "hax:bronze_bar"
			},
			"P": {
				"item": "hax:bronze_plating"
			},
			"/": {
				"item": "minecraft:stick"
			}
		},

		"unlock": [
			{
				"item": "hax:bronze_blueprint"
			}
		],
		"result": { "item": "hax:bronze_greatsword" }
	}
}
