{
	"format_version": "1.20.40",
	"minecraft:recipe_shaped": {
		"description": {
			"identifier": "hax:dragonscale_greatsword"
		},

    
		"tags": [ "dragonscale_blueprint" ],
		"pattern": [
			" SL",
			"BPS",
			"/B "
		],

		"key": {
			"L": {
				"item": "hax:dragonscale_longblade"
			},
			"S": {
				"item": "hax:dragonscale_shortblade"
			},
			"B": {
				"item": "hax:dragonscale_bar"
			},
			"P": {
				"item": "hax:dragonscale_plating"
			},
			"/": {
				"item": "minecraft:stick"
			}
		},


		"unlock": [
			{
				"item": "hax:dragonscale_blueprint"
			}
		],
		"result": { "item": "hax:dragonscale_greatsword" }
	}
}
