{
	"format_version": "1.20.40",
	"minecraft:recipe_shaped": {
		"description": {
			"identifier": "hax:gold_greatsword"
		},

    
		"tags": [ "gold_blueprint" ],
		"pattern": [
			" SL",
			"BPS",
			"/B "
		],

		"key": {
			"L": {
				"item": "hax:gold_longblade"
			},
			"S": {
				"item": "hax:gold_shortblade"
			},
			"B": {
				"item": "hax:gold_bar"
			},
			"P": {
				"item": "hax:gold_plating"
			},
			"/": {
				"item": "minecraft:stick"
			}
		},


		"unlock": [
			{
				"item": "hax:gold_blueprint"
			}
		],
		"result": { "item": "hax:gold_greatsword" }
	}
}
