{
	"format_version": "1.10.0",
	"minecraft:attachable": {
		"description": {
			"identifier": "myname:claymore_2_0",
			"render_controllers": ["controller.render.item_default"],
			"materials": {
				"default": "entity_alphatest",
				"enchanted": "entity_alphatest_glint"
			},
			"textures": {
				"default": "textures/items/claymore_2_0_big",
				"enchanted": "textures/misc/enchanted_item_glint"
			},
			"geometry": {
				"default": "geometry.claymore_2_0"
			},
			"animations": {
				"vision": "animation.deathnerite.item_animated_true.vision"
			},
			"scripts": {
				"animate": [
					"vision"
				]
			}
		}
	}
}
